Lattice Timing Report -  Setup  and Hold, Version Radiant Software (64-bit) 2026.1.0.37.0

Tue Sep  8 01:41:36 2026

Copyright (c) 1991-1994 by NeoCAD Inc. All rights reserved.
Copyright (c) 1995 AT&T Corp.   All rights reserved.
Copyright (c) 1995-2001 Lucent Technologies Inc.  All rights reserved.
Copyright (c) 2001 Agere Systems   All rights reserved.
Copyright (c) 2002-2026 Lattice Semiconductor Corporation,  All rights reserved.

Command line:    timing -sethld -v 10 -u 10 -endpoints 10 -nperend 1 -sp High-Performance_1.2V -hsp m -pwrprd -html -rpt e155_lab1_rk_impl_1.twr e155_lab1_rk_impl_1.udb -gui -msgset C:/Users/rkong/Documents/GitHub/E155-Lab1/fpga/e155_lab1_rk/promote.xml

-----------------------------------------
Design:          lab1_rk
Family:          iCE40UP
Device:          iCE40UP5K
Package:         SG48
Performance:     High-Performance_1.2V
Package Status:                     Preliminary    Version 1.5
**Performance Hardware Data Status :   Advanced Version 1.0
-----------------------------------------


=====================================================================
                    Table of Contents
=====================================================================
    1  Timing Overview
        1.1  SDC Constraints
        1.2  Constraint Coverage
        1.3  Overall Summary
        1.4  Unconstrained Report
        1.5  Combinational Loop
    2  Setup at Speed Grade High-Performance_1.2V Corner at 100 Degrees
        2.1  Clock Summary
        2.2  Endpoint slacks
        2.3  Detailed Report
    3  Hold at Speed Grade m Corner at -40 Degrees
        3.1  Endpoint slacks
        3.2  Detailed Report

=====================================================================
                    End of Table of Contents
=====================================================================

==============================================
1  Timing Overview
==============================================

1.1  SDC Constraints
=====================
create_clock -name {int_osc} -period 20.8333 [get_pins {hf_osc/CLKHF }] 

1.2  Constraint Coverage
---------------------------
Constraint Coverage: 68.3594%


1.3  Overall Summary
---------------------------
 Setup at Speed Grade High-Performance_1.2V Corner at 100 Degrees     Timing Errors: 0 endpoints;  Total Negative Slack: 0.000 ns 
 Hold at Speed Grade m Corner at -40 Degrees                          Timing Errors: 0 endpoints;  Total Negative Slack: 0.000 ns 

1.4  Unconstrained Report
===========================

1.4.1  Unconstrained Start/End Points
--------------------------------------

Clocked but unconstrained timing start points
--------------------------------------------------
There is no start point satisfying reporting criteria


Clocked but unconstrained timing end points
-------------------------------------------------------------------
         Listing 10 End Points          |           Type           
-------------------------------------------------------------------
{counter/count___i21/SP   counter/count___i20/SP}                           
                                        |           No arrival time
{counter/count___i21/SR   counter/count___i20/SR}                           
                                        |           No arrival time
{counter/count___i22/SP   counter/count___i23/SP}                           
                                        |           No arrival time
{counter/count___i22/SR   counter/count___i23/SR}                           
                                        |           No arrival time
counter/switch_led/SP                   |           No arrival time
counter/switch_led/SR                   |           No arrival time
{counter/count___i19/SP   counter/count___i18/SP}                           
                                        |           No arrival time
{counter/count___i19/SR   counter/count___i18/SR}                           
                                        |           No arrival time
{counter/count___i17/SP   counter/count___i16/SP}                           
                                        |           No arrival time
{counter/count___i17/SR   counter/count___i16/SR}                           
                                        |           No arrival time
-------------------------------------------------------------------
                                        |                          
Number of unconstrained timing end poin |                          
ts                                      |                        26
                                        |                          
-------------------------------------------------------------------

1.4.2  Start/End Points Without Timing Constraints
---------------------------------------------------

I/O ports without constraint
----------------------------
Possible constraints to use on I/O ports are:
set_input_delay,
set_output_delay,
set_max_delay,
create_clock,
create_generated_clock,
...

-------------------------------------------------------------------
     Listing 10 Start or End Points     |           Type           
-------------------------------------------------------------------
reset                                   |                     input
enable                                  |                     input
switch[3]                               |                     input
switch[2]                               |                     input
switch[1]                               |                     input
switch[0]                               |                     input
led[2]                                  |                    output
led[1]                                  |                    output
led[0]                                  |                    output
seg[6]                                  |                    output
-------------------------------------------------------------------
                                        |                          
Number of I/O ports without constraint  |                        16
                                        |                          
-------------------------------------------------------------------

Nets without clock definition
Define a clock on a top level port or a generated clock on a clock divider pin associated with this net(s).
--------------------------------------------------
There is no instance satisfying reporting criteria



1.5  Combinational Loop
========================
None

===============================================================
2  Setup at Speed Grade High-Performance_1.2V Corner at 100 Degrees
===============================================================

2.1  Clock Summary
=======================

2.1.1 Clock "int_osc"
=======================
create_clock -name {int_osc} -period 20.8333 [get_pins {hf_osc/CLKHF }] 

Single Clock Domain
-------------------------------------------------------------------------------------------------------
             Clock int_osc              |                    |       Period       |     Frequency      
-------------------------------------------------------------------------------------------------------
 From int_osc                           |             Target |          20.833 ns |         48.000 MHz 
                                        | Actual (all paths) |          20.792 ns |         48.095 MHz 
hf_osc/CLKHF (MPW)                      |   (50% duty cycle) |          20.792 ns |         48.095 MHz 
-------------------------------------------------------------------------------------------------------

Clock Domain Crossing

2.2  Endpoint slacks
=======================
-------------------------------------------------------
          Listing 10 End Points          |    Slack    
-------------------------------------------------------
counter/count___i23/D                    |    5.302 ns 
counter/count___i22/D                    |    6.134 ns 
counter/count___i3/D                     |    6.241 ns 
counter/count___i7/D                     |    6.241 ns 
counter/count___i9/D                     |    6.241 ns 
counter/count___i11/D                    |    6.241 ns 
counter/count___i13/D                    |    6.241 ns 
counter/count___i21/D                    |    6.241 ns 
counter/count___i12/D                    |    6.294 ns 
counter/count___i20/D                    |    6.294 ns 
-------------------------------------------------------
                                         |             
Setup # of endpoints with negative slack:|           0 
                                         |             
-------------------------------------------------------

2.3  Detailed Report
=======================


XXXXXXXXXXXXXXXXXXXXXXXXXXXXXXXXXXXXXXXXXXXXXXXXXXXXXXXXXX

Detail report of critical paths

XXXXXXXXXXXXXXXXXXXXXXXXXXXXXXXXXXXXXXXXXXXXXXXXXXXXXXXXXX

+++++++++++++++++++++++++++++++++++++++++++++++++++++++++++++++++++++ 
                    Detailed Report for timing paths 
+++++++++++++++++++++++++++++++++++++++++++++++++++++++++++++++++++++ 

++++ Path 1 ++++++++++++++++++++++++++++++++++++++++++++++++++++++++++ 

Path Begin       : counter/count___i0/Q  (SLICE_R15C10D)
Path End         : counter/count___i23/D  (SLICE_R14C13C)
Source Clock     : int_osc (R)
Destination Clock: int_osc (R)
Logic Level      : 26
Delay Ratio      : 42.8% (route), 57.2% (logic)
Clock Skew       : 0.000 ns 
Setup Constraint : 20.833 ns 
Path Slack       : 5.302 ns  (Passed)


Source Clock Path
Name                                      Cell/Site Name     Delay Name           Incr      Arrival/Required Time  Fanout  
----------------------------------------  -----------------  -------------------  --------  ---------------------  ------  
hf_osc/CLKHF                              HFOSC_HFOSC_R1C32  CLOCK LATENCY           0.000                  0.000  14      
counter/int_osc                                              NET DELAY               5.499                  5.499  14      
{counter/count___i1/CK   counter/count___i0/CK}
                                                             CLOCK PIN               0.000                  5.499  1       


Data Path
Name                                      Cell/Site Name     Delay Name           Incr      Arrival/Required Time  Fanout  
----------------------------------------  -----------------  -------------------  --------  ---------------------  ------  
counter/count___i0/CK->counter/count___i0/Q
                                          SLICE_R15C10D      CLK_TO_Q1_DELAY         1.388                  6.887  2       
counter/count[0]                                             NET DELAY               2.075                  8.962  2       
counter/add_18_add_5_1/B1->counter/add_18_add_5_1/CO1
                                          SLICE_R14C10A      B1_TO_COUT1_DELAY       0.357                  9.319  2       
counter/n309                                                 NET DELAY               0.000                  9.319  2       
counter/add_18_add_5_3/CI0->counter/add_18_add_5_3/CO0
                                          SLICE_R14C10B      CIN0_TO_COUT0_DELAY     0.277                  9.596  2       
counter/n762                                                 NET DELAY               0.000                  9.596  2       
counter/add_18_add_5_3/CI1->counter/add_18_add_5_3/CO1
                                          SLICE_R14C10B      CIN1_TO_COUT1_DELAY     0.277                  9.873  2       
counter/n311                                                 NET DELAY               0.000                  9.873  2       
counter/add_18_add_5_5/CI0->counter/add_18_add_5_5/CO0
                                          SLICE_R14C10C      CIN0_TO_COUT0_DELAY     0.277                 10.150  2       
counter/n765                                                 NET DELAY               0.000                 10.150  2       
counter/add_18_add_5_5/CI1->counter/add_18_add_5_5/CO1
                                          SLICE_R14C10C      CIN1_TO_COUT1_DELAY     0.277                 10.427  2       
counter/n313                                                 NET DELAY               0.000                 10.427  2       
counter/add_18_add_5_7/CI0->counter/add_18_add_5_7/CO0
                                          SLICE_R14C10D      CIN0_TO_COUT0_DELAY     0.277                 10.704  2       
counter/n768                                                 NET DELAY               0.000                 10.704  2       
counter/add_18_add_5_7/CI1->counter/add_18_add_5_7/CO1
                                          SLICE_R14C10D      CIN1_TO_COUT1_DELAY     0.277                 10.981  2       
counter/n315                                                 NET DELAY               0.555                 11.536  2       
counter/add_18_add_5_9/CI0->counter/add_18_add_5_9/CO0
                                          SLICE_R14C11A      CIN0_TO_COUT0_DELAY     0.277                 11.813  2       
counter/n771                                                 NET DELAY               0.000                 11.813  2       
counter/add_18_add_5_9/CI1->counter/add_18_add_5_9/CO1
                                          SLICE_R14C11A      CIN1_TO_COUT1_DELAY     0.277                 12.090  2       
counter/n317                                                 NET DELAY               0.000                 12.090  2       
counter/add_18_add_5_11/CI0->counter/add_18_add_5_11/CO0
                                          SLICE_R14C11B      CIN0_TO_COUT0_DELAY     0.277                 12.367  2       
counter/n774                                                 NET DELAY               0.000                 12.367  2       
counter/add_18_add_5_11/CI1->counter/add_18_add_5_11/CO1
                                          SLICE_R14C11B      CIN1_TO_COUT1_DELAY     0.277                 12.644  2       
counter/n319                                                 NET DELAY               0.000                 12.644  2       
counter/add_18_add_5_13/CI0->counter/add_18_add_5_13/CO0
                                          SLICE_R14C11C      CIN0_TO_COUT0_DELAY     0.277                 12.921  2       
counter/n777                                                 NET DELAY               0.000                 12.921  2       
counter/add_18_add_5_13/CI1->counter/add_18_add_5_13/CO1
                                          SLICE_R14C11C      CIN1_TO_COUT1_DELAY     0.277                 13.198  2       
counter/n321                                                 NET DELAY               0.000                 13.198  2       
counter/add_18_add_5_15/CI0->counter/add_18_add_5_15/CO0
                                          SLICE_R14C11D      CIN0_TO_COUT0_DELAY     0.277                 13.475  2       
counter/n780                                                 NET DELAY               0.000                 13.475  2       
counter/add_18_add_5_15/CI1->counter/add_18_add_5_15/CO1
                                          SLICE_R14C11D      CIN1_TO_COUT1_DELAY     0.277                 13.752  2       
counter/n323                                                 NET DELAY               0.555                 14.307  2       
counter/add_18_add_5_17/CI0->counter/add_18_add_5_17/CO0
                                          SLICE_R14C12A      CIN0_TO_COUT0_DELAY     0.277                 14.584  2       
counter/n783                                                 NET DELAY               0.000                 14.584  2       
counter/add_18_add_5_17/CI1->counter/add_18_add_5_17/CO1
                                          SLICE_R14C12A      CIN1_TO_COUT1_DELAY     0.277                 14.861  2       
counter/n325                                                 NET DELAY               0.000                 14.861  2       
counter/add_18_add_5_19/CI0->counter/add_18_add_5_19/CO0
                                          SLICE_R14C12B      CIN0_TO_COUT0_DELAY     0.277                 15.138  2       
counter/n786                                                 NET DELAY               0.000                 15.138  2       
counter/add_18_add_5_19/CI1->counter/add_18_add_5_19/CO1
                                          SLICE_R14C12B      CIN1_TO_COUT1_DELAY     0.277                 15.415  2       
counter/n327                                                 NET DELAY               0.000                 15.415  2       
counter/add_18_add_5_21/CI0->counter/add_18_add_5_21/CO0
                                          SLICE_R14C12C      CIN0_TO_COUT0_DELAY     0.277                 15.692  2       
counter/n789                                                 NET DELAY               0.000                 15.692  2       
counter/add_18_add_5_21/CI1->counter/add_18_add_5_21/CO1
                                          SLICE_R14C12C      CIN1_TO_COUT1_DELAY     0.277                 15.969  2       
counter/n329                                                 NET DELAY               0.000                 15.969  2       
counter/add_18_add_5_23/CI0->counter/add_18_add_5_23/CO0
                                          SLICE_R14C12D      CIN0_TO_COUT0_DELAY     0.277                 16.246  2       
counter/n792                                                 NET DELAY               0.000                 16.246  2       
counter/add_18_add_5_23/CI1->counter/add_18_add_5_23/CO1
                                          SLICE_R14C12D      CIN1_TO_COUT1_DELAY     0.277                 16.523  2       
counter/n331                                                 NET DELAY               1.216                 17.739  2       
counter/add_18_add_5_25/D0->counter/add_18_add_5_25/S0
                                          SLICE_R14C13A      D0_TO_F0_DELAY          0.449                 18.188  1       
counter/n127[23]                                             NET DELAY               2.168                 20.356  1       
counter/i206_2_lut/A->counter/i206_2_lut/Z
                                          SLICE_R14C13C      D1_TO_F1_DELAY          0.476                 20.832  1       
counter/n41[23]                                              NET DELAY               0.000                 20.832  1       
counter/count___i23/D                                        ENDPOINT                0.000                 20.832  1       


Destination Clock Path
Name                                      Cell/Site Name     Delay Name           Incr      Arrival/Required Time  Fanout  
----------------------------------------  -----------------  -------------------  --------  ---------------------  ------  
                                                             CONSTRAINT              0.000                 20.833  1       
hf_osc/CLKHF                              HFOSC_HFOSC_R1C32  CLOCK LATENCY           0.000                 20.833  14      
counter/int_osc                                              NET DELAY               5.499                 26.332  14      
{counter/count___i22/CK   counter/count___i23/CK}
                                                             CLOCK PIN               0.000                 26.332  1       
                                                             Uncertainty          -(0.000)                 26.332  
                                                             Setup time           -(0.198)                 26.134  
----------------------------------------  -----------------  -------------------  --------  ---------------------  ------  
Required Time                                                                                              26.134  
Arrival Time                                                                                            -(20.831)  
----------------------------------------  -----------------  -------------------  --------  ---------------------  ------  
Path Slack  (Passed)                                                                                        5.302  




++++ Path 2 ++++++++++++++++++++++++++++++++++++++++++++++++++++++++++ 

Path Begin       : counter/count___i0/Q  (SLICE_R15C10D)
Path End         : counter/count___i22/D  (SLICE_R14C13C)
Source Clock     : int_osc (R)
Destination Clock: int_osc (R)
Logic Level      : 25
Delay Ratio      : 41.5% (route), 58.5% (logic)
Clock Skew       : 0.000 ns 
Setup Constraint : 20.833 ns 
Path Slack       : 6.134 ns  (Passed)


Source Clock Path
Name                                      Cell/Site Name     Delay Name           Incr      Arrival/Required Time  Fanout  
----------------------------------------  -----------------  -------------------  --------  ---------------------  ------  
hf_osc/CLKHF                              HFOSC_HFOSC_R1C32  CLOCK LATENCY           0.000                  0.000  14      
counter/int_osc                                              NET DELAY               5.499                  5.499  14      
{counter/count___i1/CK   counter/count___i0/CK}
                                                             CLOCK PIN               0.000                  5.499  1       


Data Path
Name                                      Cell/Site Name     Delay Name           Incr      Arrival/Required Time  Fanout  
----------------------------------------  -----------------  -------------------  --------  ---------------------  ------  
counter/count___i0/CK->counter/count___i0/Q
                                          SLICE_R15C10D      CLK_TO_Q1_DELAY         1.388                  6.887  2       
counter/count[0]                                             NET DELAY               2.075                  8.962  2       
counter/add_18_add_5_1/B1->counter/add_18_add_5_1/CO1
                                          SLICE_R14C10A      B1_TO_COUT1_DELAY       0.357                  9.319  2       
counter/n309                                                 NET DELAY               0.000                  9.319  2       
counter/add_18_add_5_3/CI0->counter/add_18_add_5_3/CO0
                                          SLICE_R14C10B      CIN0_TO_COUT0_DELAY     0.277                  9.596  2       
counter/n762                                                 NET DELAY               0.000                  9.596  2       
counter/add_18_add_5_3/CI1->counter/add_18_add_5_3/CO1
                                          SLICE_R14C10B      CIN1_TO_COUT1_DELAY     0.277                  9.873  2       
counter/n311                                                 NET DELAY               0.000                  9.873  2       
counter/add_18_add_5_5/CI0->counter/add_18_add_5_5/CO0
                                          SLICE_R14C10C      CIN0_TO_COUT0_DELAY     0.277                 10.150  2       
counter/n765                                                 NET DELAY               0.000                 10.150  2       
counter/add_18_add_5_5/CI1->counter/add_18_add_5_5/CO1
                                          SLICE_R14C10C      CIN1_TO_COUT1_DELAY     0.277                 10.427  2       
counter/n313                                                 NET DELAY               0.000                 10.427  2       
counter/add_18_add_5_7/CI0->counter/add_18_add_5_7/CO0
                                          SLICE_R14C10D      CIN0_TO_COUT0_DELAY     0.277                 10.704  2       
counter/n768                                                 NET DELAY               0.000                 10.704  2       
counter/add_18_add_5_7/CI1->counter/add_18_add_5_7/CO1
                                          SLICE_R14C10D      CIN1_TO_COUT1_DELAY     0.277                 10.981  2       
counter/n315                                                 NET DELAY               0.555                 11.536  2       
counter/add_18_add_5_9/CI0->counter/add_18_add_5_9/CO0
                                          SLICE_R14C11A      CIN0_TO_COUT0_DELAY     0.277                 11.813  2       
counter/n771                                                 NET DELAY               0.000                 11.813  2       
counter/add_18_add_5_9/CI1->counter/add_18_add_5_9/CO1
                                          SLICE_R14C11A      CIN1_TO_COUT1_DELAY     0.277                 12.090  2       
counter/n317                                                 NET DELAY               0.000                 12.090  2       
counter/add_18_add_5_11/CI0->counter/add_18_add_5_11/CO0
                                          SLICE_R14C11B      CIN0_TO_COUT0_DELAY     0.277                 12.367  2       
counter/n774                                                 NET DELAY               0.000                 12.367  2       
counter/add_18_add_5_11/CI1->counter/add_18_add_5_11/CO1
                                          SLICE_R14C11B      CIN1_TO_COUT1_DELAY     0.277                 12.644  2       
counter/n319                                                 NET DELAY               0.000                 12.644  2       
counter/add_18_add_5_13/CI0->counter/add_18_add_5_13/CO0
                                          SLICE_R14C11C      CIN0_TO_COUT0_DELAY     0.277                 12.921  2       
counter/n777                                                 NET DELAY               0.000                 12.921  2       
counter/add_18_add_5_13/CI1->counter/add_18_add_5_13/CO1
                                          SLICE_R14C11C      CIN1_TO_COUT1_DELAY     0.277                 13.198  2       
counter/n321                                                 NET DELAY               0.000                 13.198  2       
counter/add_18_add_5_15/CI0->counter/add_18_add_5_15/CO0
                                          SLICE_R14C11D      CIN0_TO_COUT0_DELAY     0.277                 13.475  2       
counter/n780                                                 NET DELAY               0.000                 13.475  2       
counter/add_18_add_5_15/CI1->counter/add_18_add_5_15/CO1
                                          SLICE_R14C11D      CIN1_TO_COUT1_DELAY     0.277                 13.752  2       
counter/n323                                                 NET DELAY               0.555                 14.307  2       
counter/add_18_add_5_17/CI0->counter/add_18_add_5_17/CO0
                                          SLICE_R14C12A      CIN0_TO_COUT0_DELAY     0.277                 14.584  2       
counter/n783                                                 NET DELAY               0.000                 14.584  2       
counter/add_18_add_5_17/CI1->counter/add_18_add_5_17/CO1
                                          SLICE_R14C12A      CIN1_TO_COUT1_DELAY     0.277                 14.861  2       
counter/n325                                                 NET DELAY               0.000                 14.861  2       
counter/add_18_add_5_19/CI0->counter/add_18_add_5_19/CO0
                                          SLICE_R14C12B      CIN0_TO_COUT0_DELAY     0.277                 15.138  2       
counter/n786                                                 NET DELAY               0.000                 15.138  2       
counter/add_18_add_5_19/CI1->counter/add_18_add_5_19/CO1
                                          SLICE_R14C12B      CIN1_TO_COUT1_DELAY     0.277                 15.415  2       
counter/n327                                                 NET DELAY               0.000                 15.415  2       
counter/add_18_add_5_21/CI0->counter/add_18_add_5_21/CO0
                                          SLICE_R14C12C      CIN0_TO_COUT0_DELAY     0.277                 15.692  2       
counter/n789                                                 NET DELAY               0.000                 15.692  2       
counter/add_18_add_5_21/CI1->counter/add_18_add_5_21/CO1
                                          SLICE_R14C12C      CIN1_TO_COUT1_DELAY     0.277                 15.969  2       
counter/n329                                                 NET DELAY               0.000                 15.969  2       
counter/add_18_add_5_23/CI0->counter/add_18_add_5_23/CO0
                                          SLICE_R14C12D      CIN0_TO_COUT0_DELAY     0.277                 16.246  2       
counter/n792                                                 NET DELAY               0.661                 16.907  2       
counter/add_18_add_5_23/D1->counter/add_18_add_5_23/S1
                                          SLICE_R14C12D      D1_TO_F1_DELAY          0.449                 17.356  1       
counter/n127[22]                                             NET DELAY               2.168                 19.524  1       
counter/i207_2_lut/A->counter/i207_2_lut/Z
                                          SLICE_R14C13C      D0_TO_F0_DELAY          0.476                 20.000  1       
counter/n41[22]                                              NET DELAY               0.000                 20.000  1       
counter/count___i22/D                                        ENDPOINT                0.000                 20.000  1       


Destination Clock Path
Name                                      Cell/Site Name     Delay Name           Incr      Arrival/Required Time  Fanout  
----------------------------------------  -----------------  -------------------  --------  ---------------------  ------  
                                                             CONSTRAINT              0.000                 20.833  1       
hf_osc/CLKHF                              HFOSC_HFOSC_R1C32  CLOCK LATENCY           0.000                 20.833  14      
counter/int_osc                                              NET DELAY               5.499                 26.332  14      
{counter/count___i22/CK   counter/count___i23/CK}
                                                             CLOCK PIN               0.000                 26.332  1       
                                                             Uncertainty          -(0.000)                 26.332  
                                                             Setup time           -(0.198)                 26.134  
----------------------------------------  -----------------  -------------------  --------  ---------------------  ------  
Required Time                                                                                              26.134  
Arrival Time                                                                                            -(19.999)  
----------------------------------------  -----------------  -------------------  --------  ---------------------  ------  
Path Slack  (Passed)                                                                                        6.134  




++++ Path 3 ++++++++++++++++++++++++++++++++++++++++++++++++++++++++++ 

Path Begin       : counter/count___i21/Q  (SLICE_R13C12A)
Path End         : counter/count___i3/D  (SLICE_R13C10A)
Source Clock     : int_osc (R)
Destination Clock: int_osc (R)
Logic Level      : 6
Delay Ratio      : 74.2% (route), 25.8% (logic)
Clock Skew       : 0.000 ns 
Setup Constraint : 20.833 ns 
Path Slack       : 6.241 ns  (Passed)


Source Clock Path
Name                                      Cell/Site Name     Delay Name       Incr      Arrival/Required Time  Fanout  
----------------------------------------  -----------------  ---------------  --------  ---------------------  ------  
hf_osc/CLKHF                              HFOSC_HFOSC_R1C32  CLOCK LATENCY       0.000                  0.000  14      
counter/int_osc                                              NET DELAY           5.499                  5.499  14      
{counter/count___i21/CK   counter/count___i20/CK}
                                                             CLOCK PIN           0.000                  5.499  1       


Data Path
Name                                      Cell/Site Name     Delay Name       Incr      Arrival/Required Time  Fanout  
----------------------------------------  -----------------  ---------------  --------  ---------------------  ------  
counter/count___i21/CK->counter/count___i21/Q
                                          SLICE_R13C12A      CLK_TO_Q0_DELAY     1.388                  6.887  2       
counter/count[21]                                            NET DELAY           2.736                  9.623  2       
counter/i11_4_lut/A->counter/i11_4_lut/Z  SLICE_R13C10B      A0_TO_F0_DELAY      0.449                 10.072  1       
counter/n27                                                  NET DELAY           3.741                 13.813  1       
counter/i15_4_lut/B->counter/i15_4_lut/Z  SLICE_R15C11A      A1_TO_F1_DELAY      0.476                 14.289  1       
counter/n415                                                 NET DELAY           0.304                 14.593  1       
counter/i5_3_lut/B->counter/i5_3_lut/Z    SLICE_R15C11B      C0_TO_F0_DELAY      0.476                 15.069  1       
counter/n14                                                  NET DELAY           0.304                 15.373  1       
counter/i8_4_lut/C->counter/i8_4_lut/Z    SLICE_R15C11B      C1_TO_F1_DELAY      0.449                 15.822  25      
counter/n47                                                  NET DELAY           3.595                 19.417  25      
counter/i203_2_lut/B->counter/i203_2_lut/Z
                                          SLICE_R13C10A      B0_TO_F0_DELAY      0.476                 19.893  1       
counter/n41[3]                                               NET DELAY           0.000                 19.893  1       
counter/count___i3/D                                         ENDPOINT            0.000                 19.893  1       


Destination Clock Path
Name                                      Cell/Site Name     Delay Name       Incr      Arrival/Required Time  Fanout  
----------------------------------------  -----------------  ---------------  --------  ---------------------  ------  
                                                             CONSTRAINT          0.000                 20.833  1       
hf_osc/CLKHF                              HFOSC_HFOSC_R1C32  CLOCK LATENCY       0.000                 20.833  14      
counter/int_osc                                              NET DELAY           5.499                 26.332  14      
{counter/count___i3/CK   counter/count___i2/CK}
                                                             CLOCK PIN           0.000                 26.332  1       
                                                             Uncertainty      -(0.000)                 26.332  
                                                             Setup time       -(0.198)                 26.134  
----------------------------------------  -----------------  ---------------  --------  ---------------------  ------  
Required Time                                                                                          26.134  
Arrival Time                                                                                        -(19.892)  
----------------------------------------  -----------------  ---------------  --------  ---------------------  ------  
Path Slack  (Passed)                                                                                    6.241  




++++ Path 4 ++++++++++++++++++++++++++++++++++++++++++++++++++++++++++ 

Path Begin       : counter/count___i21/Q  (SLICE_R13C12A)
Path End         : counter/count___i7/D  (SLICE_R13C10C)
Source Clock     : int_osc (R)
Destination Clock: int_osc (R)
Logic Level      : 6
Delay Ratio      : 74.2% (route), 25.8% (logic)
Clock Skew       : 0.000 ns 
Setup Constraint : 20.833 ns 
Path Slack       : 6.241 ns  (Passed)


Source Clock Path
Name                                      Cell/Site Name     Delay Name       Incr      Arrival/Required Time  Fanout  
----------------------------------------  -----------------  ---------------  --------  ---------------------  ------  
hf_osc/CLKHF                              HFOSC_HFOSC_R1C32  CLOCK LATENCY       0.000                  0.000  14      
counter/int_osc                                              NET DELAY           5.499                  5.499  14      
{counter/count___i21/CK   counter/count___i20/CK}
                                                             CLOCK PIN           0.000                  5.499  1       


Data Path
Name                                      Cell/Site Name     Delay Name       Incr      Arrival/Required Time  Fanout  
----------------------------------------  -----------------  ---------------  --------  ---------------------  ------  
counter/count___i21/CK->counter/count___i21/Q
                                          SLICE_R13C12A      CLK_TO_Q0_DELAY     1.388                  6.887  2       
counter/count[21]                                            NET DELAY           2.736                  9.623  2       
counter/i11_4_lut/A->counter/i11_4_lut/Z  SLICE_R13C10B      A0_TO_F0_DELAY      0.449                 10.072  1       
counter/n27                                                  NET DELAY           3.741                 13.813  1       
counter/i15_4_lut/B->counter/i15_4_lut/Z  SLICE_R15C11A      A1_TO_F1_DELAY      0.476                 14.289  1       
counter/n415                                                 NET DELAY           0.304                 14.593  1       
counter/i5_3_lut/B->counter/i5_3_lut/Z    SLICE_R15C11B      C0_TO_F0_DELAY      0.476                 15.069  1       
counter/n14                                                  NET DELAY           0.304                 15.373  1       
counter/i8_4_lut/C->counter/i8_4_lut/Z    SLICE_R15C11B      C1_TO_F1_DELAY      0.449                 15.822  25      
counter/n47                                                  NET DELAY           3.595                 19.417  25      
counter/i240_2_lut/B->counter/i240_2_lut/Z
                                          SLICE_R13C10C      B0_TO_F0_DELAY      0.476                 19.893  1       
counter/n41[7]                                               NET DELAY           0.000                 19.893  1       
counter/count___i7/D                                         ENDPOINT            0.000                 19.893  1       


Destination Clock Path
Name                                      Cell/Site Name     Delay Name       Incr      Arrival/Required Time  Fanout  
----------------------------------------  -----------------  ---------------  --------  ---------------------  ------  
                                                             CONSTRAINT          0.000                 20.833  1       
hf_osc/CLKHF                              HFOSC_HFOSC_R1C32  CLOCK LATENCY       0.000                 20.833  14      
counter/int_osc                                              NET DELAY           5.499                 26.332  14      
{counter/count___i7/CK   counter/count___i6/CK}
                                                             CLOCK PIN           0.000                 26.332  1       
                                                             Uncertainty      -(0.000)                 26.332  
                                                             Setup time       -(0.198)                 26.134  
----------------------------------------  -----------------  ---------------  --------  ---------------------  ------  
Required Time                                                                                          26.134  
Arrival Time                                                                                        -(19.892)  
----------------------------------------  -----------------  ---------------  --------  ---------------------  ------  
Path Slack  (Passed)                                                                                    6.241  




++++ Path 5 ++++++++++++++++++++++++++++++++++++++++++++++++++++++++++ 

Path Begin       : counter/count___i21/Q  (SLICE_R13C12A)
Path End         : counter/count___i9/D  (SLICE_R13C11B)
Source Clock     : int_osc (R)
Destination Clock: int_osc (R)
Logic Level      : 6
Delay Ratio      : 74.2% (route), 25.8% (logic)
Clock Skew       : 0.000 ns 
Setup Constraint : 20.833 ns 
Path Slack       : 6.241 ns  (Passed)


Source Clock Path
Name                                      Cell/Site Name     Delay Name       Incr      Arrival/Required Time  Fanout  
----------------------------------------  -----------------  ---------------  --------  ---------------------  ------  
hf_osc/CLKHF                              HFOSC_HFOSC_R1C32  CLOCK LATENCY       0.000                  0.000  14      
counter/int_osc                                              NET DELAY           5.499                  5.499  14      
{counter/count___i21/CK   counter/count___i20/CK}
                                                             CLOCK PIN           0.000                  5.499  1       


Data Path
Name                                      Cell/Site Name     Delay Name       Incr      Arrival/Required Time  Fanout  
----------------------------------------  -----------------  ---------------  --------  ---------------------  ------  
counter/count___i21/CK->counter/count___i21/Q
                                          SLICE_R13C12A      CLK_TO_Q0_DELAY     1.388                  6.887  2       
counter/count[21]                                            NET DELAY           2.736                  9.623  2       
counter/i11_4_lut/A->counter/i11_4_lut/Z  SLICE_R13C10B      A0_TO_F0_DELAY      0.449                 10.072  1       
counter/n27                                                  NET DELAY           3.741                 13.813  1       
counter/i15_4_lut/B->counter/i15_4_lut/Z  SLICE_R15C11A      A1_TO_F1_DELAY      0.476                 14.289  1       
counter/n415                                                 NET DELAY           0.304                 14.593  1       
counter/i5_3_lut/B->counter/i5_3_lut/Z    SLICE_R15C11B      C0_TO_F0_DELAY      0.476                 15.069  1       
counter/n14                                                  NET DELAY           0.304                 15.373  1       
counter/i8_4_lut/C->counter/i8_4_lut/Z    SLICE_R15C11B      C1_TO_F1_DELAY      0.449                 15.822  25      
counter/n47                                                  NET DELAY           3.595                 19.417  25      
counter/i238_2_lut/B->counter/i238_2_lut/Z
                                          SLICE_R13C11B      B0_TO_F0_DELAY      0.476                 19.893  1       
counter/n41[9]                                               NET DELAY           0.000                 19.893  1       
counter/count___i9/D                                         ENDPOINT            0.000                 19.893  1       


Destination Clock Path
Name                                      Cell/Site Name     Delay Name       Incr      Arrival/Required Time  Fanout  
----------------------------------------  -----------------  ---------------  --------  ---------------------  ------  
                                                             CONSTRAINT          0.000                 20.833  1       
hf_osc/CLKHF                              HFOSC_HFOSC_R1C32  CLOCK LATENCY       0.000                 20.833  14      
counter/int_osc                                              NET DELAY           5.499                 26.332  14      
{counter/count___i9/CK   counter/count___i8/CK}
                                                             CLOCK PIN           0.000                 26.332  1       
                                                             Uncertainty      -(0.000)                 26.332  
                                                             Setup time       -(0.198)                 26.134  
----------------------------------------  -----------------  ---------------  --------  ---------------------  ------  
Required Time                                                                                          26.134  
Arrival Time                                                                                        -(19.892)  
----------------------------------------  -----------------  ---------------  --------  ---------------------  ------  
Path Slack  (Passed)                                                                                    6.241  




++++ Path 6 ++++++++++++++++++++++++++++++++++++++++++++++++++++++++++ 

Path Begin       : counter/count___i21/Q  (SLICE_R13C12A)
Path End         : counter/count___i11/D  (SLICE_R13C11D)
Source Clock     : int_osc (R)
Destination Clock: int_osc (R)
Logic Level      : 6
Delay Ratio      : 74.2% (route), 25.8% (logic)
Clock Skew       : 0.000 ns 
Setup Constraint : 20.833 ns 
Path Slack       : 6.241 ns  (Passed)


Source Clock Path
Name                                      Cell/Site Name     Delay Name       Incr      Arrival/Required Time  Fanout  
----------------------------------------  -----------------  ---------------  --------  ---------------------  ------  
hf_osc/CLKHF                              HFOSC_HFOSC_R1C32  CLOCK LATENCY       0.000                  0.000  14      
counter/int_osc                                              NET DELAY           5.499                  5.499  14      
{counter/count___i21/CK   counter/count___i20/CK}
                                                             CLOCK PIN           0.000                  5.499  1       


Data Path
Name                                      Cell/Site Name     Delay Name       Incr      Arrival/Required Time  Fanout  
----------------------------------------  -----------------  ---------------  --------  ---------------------  ------  
counter/count___i21/CK->counter/count___i21/Q
                                          SLICE_R13C12A      CLK_TO_Q0_DELAY     1.388                  6.887  2       
counter/count[21]                                            NET DELAY           2.736                  9.623  2       
counter/i11_4_lut/A->counter/i11_4_lut/Z  SLICE_R13C10B      A0_TO_F0_DELAY      0.449                 10.072  1       
counter/n27                                                  NET DELAY           3.741                 13.813  1       
counter/i15_4_lut/B->counter/i15_4_lut/Z  SLICE_R15C11A      A1_TO_F1_DELAY      0.476                 14.289  1       
counter/n415                                                 NET DELAY           0.304                 14.593  1       
counter/i5_3_lut/B->counter/i5_3_lut/Z    SLICE_R15C11B      C0_TO_F0_DELAY      0.476                 15.069  1       
counter/n14                                                  NET DELAY           0.304                 15.373  1       
counter/i8_4_lut/C->counter/i8_4_lut/Z    SLICE_R15C11B      C1_TO_F1_DELAY      0.449                 15.822  25      
counter/n47                                                  NET DELAY           3.595                 19.417  25      
counter/i236_2_lut/B->counter/i236_2_lut/Z
                                          SLICE_R13C11D      B0_TO_F0_DELAY      0.476                 19.893  1       
counter/n41[11]                                              NET DELAY           0.000                 19.893  1       
counter/count___i11/D                                        ENDPOINT            0.000                 19.893  1       


Destination Clock Path
Name                                      Cell/Site Name     Delay Name       Incr      Arrival/Required Time  Fanout  
----------------------------------------  -----------------  ---------------  --------  ---------------------  ------  
                                                             CONSTRAINT          0.000                 20.833  1       
hf_osc/CLKHF                              HFOSC_HFOSC_R1C32  CLOCK LATENCY       0.000                 20.833  14      
counter/int_osc                                              NET DELAY           5.499                 26.332  14      
{counter/count___i11/CK   counter/count___i10/CK}
                                                             CLOCK PIN           0.000                 26.332  1       
                                                             Uncertainty      -(0.000)                 26.332  
                                                             Setup time       -(0.198)                 26.134  
----------------------------------------  -----------------  ---------------  --------  ---------------------  ------  
Required Time                                                                                          26.134  
Arrival Time                                                                                        -(19.892)  
----------------------------------------  -----------------  ---------------  --------  ---------------------  ------  
Path Slack  (Passed)                                                                                    6.241  




++++ Path 7 ++++++++++++++++++++++++++++++++++++++++++++++++++++++++++ 

Path Begin       : counter/count___i21/Q  (SLICE_R13C12A)
Path End         : counter/count___i13/D  (SLICE_R13C11C)
Source Clock     : int_osc (R)
Destination Clock: int_osc (R)
Logic Level      : 6
Delay Ratio      : 74.2% (route), 25.8% (logic)
Clock Skew       : 0.000 ns 
Setup Constraint : 20.833 ns 
Path Slack       : 6.241 ns  (Passed)


Source Clock Path
Name                                      Cell/Site Name     Delay Name       Incr      Arrival/Required Time  Fanout  
----------------------------------------  -----------------  ---------------  --------  ---------------------  ------  
hf_osc/CLKHF                              HFOSC_HFOSC_R1C32  CLOCK LATENCY       0.000                  0.000  14      
counter/int_osc                                              NET DELAY           5.499                  5.499  14      
{counter/count___i21/CK   counter/count___i20/CK}
                                                             CLOCK PIN           0.000                  5.499  1       


Data Path
Name                                      Cell/Site Name     Delay Name       Incr      Arrival/Required Time  Fanout  
----------------------------------------  -----------------  ---------------  --------  ---------------------  ------  
counter/count___i21/CK->counter/count___i21/Q
                                          SLICE_R13C12A      CLK_TO_Q0_DELAY     1.388                  6.887  2       
counter/count[21]                                            NET DELAY           2.736                  9.623  2       
counter/i11_4_lut/A->counter/i11_4_lut/Z  SLICE_R13C10B      A0_TO_F0_DELAY      0.449                 10.072  1       
counter/n27                                                  NET DELAY           3.741                 13.813  1       
counter/i15_4_lut/B->counter/i15_4_lut/Z  SLICE_R15C11A      A1_TO_F1_DELAY      0.476                 14.289  1       
counter/n415                                                 NET DELAY           0.304                 14.593  1       
counter/i5_3_lut/B->counter/i5_3_lut/Z    SLICE_R15C11B      C0_TO_F0_DELAY      0.476                 15.069  1       
counter/n14                                                  NET DELAY           0.304                 15.373  1       
counter/i8_4_lut/C->counter/i8_4_lut/Z    SLICE_R15C11B      C1_TO_F1_DELAY      0.449                 15.822  25      
counter/n47                                                  NET DELAY           3.595                 19.417  25      
counter/i223_2_lut/B->counter/i223_2_lut/Z
                                          SLICE_R13C11C      B0_TO_F0_DELAY      0.476                 19.893  1       
counter/n41[13]                                              NET DELAY           0.000                 19.893  1       
counter/count___i13/D                                        ENDPOINT            0.000                 19.893  1       


Destination Clock Path
Name                                      Cell/Site Name     Delay Name       Incr      Arrival/Required Time  Fanout  
----------------------------------------  -----------------  ---------------  --------  ---------------------  ------  
                                                             CONSTRAINT          0.000                 20.833  1       
hf_osc/CLKHF                              HFOSC_HFOSC_R1C32  CLOCK LATENCY       0.000                 20.833  14      
counter/int_osc                                              NET DELAY           5.499                 26.332  14      
{counter/count___i13/CK   counter/count___i12/CK}
                                                             CLOCK PIN           0.000                 26.332  1       
                                                             Uncertainty      -(0.000)                 26.332  
                                                             Setup time       -(0.198)                 26.134  
----------------------------------------  -----------------  ---------------  --------  ---------------------  ------  
Required Time                                                                                          26.134  
Arrival Time                                                                                        -(19.892)  
----------------------------------------  -----------------  ---------------  --------  ---------------------  ------  
Path Slack  (Passed)                                                                                    6.241  




++++ Path 8 ++++++++++++++++++++++++++++++++++++++++++++++++++++++++++ 

Path Begin       : counter/count___i21/Q  (SLICE_R13C12A)
Path End         : counter/count___i21/D  (SLICE_R13C12A)
Source Clock     : int_osc (R)
Destination Clock: int_osc (R)
Logic Level      : 6
Delay Ratio      : 74.2% (route), 25.8% (logic)
Clock Skew       : 0.000 ns 
Setup Constraint : 20.833 ns 
Path Slack       : 6.241 ns  (Passed)


Source Clock Path
Name                                      Cell/Site Name     Delay Name       Incr      Arrival/Required Time  Fanout  
----------------------------------------  -----------------  ---------------  --------  ---------------------  ------  
hf_osc/CLKHF                              HFOSC_HFOSC_R1C32  CLOCK LATENCY       0.000                  0.000  14      
counter/int_osc                                              NET DELAY           5.499                  5.499  14      
{counter/count___i21/CK   counter/count___i20/CK}
                                                             CLOCK PIN           0.000                  5.499  1       


Data Path
Name                                      Cell/Site Name     Delay Name       Incr      Arrival/Required Time  Fanout  
----------------------------------------  -----------------  ---------------  --------  ---------------------  ------  
counter/count___i21/CK->counter/count___i21/Q
                                          SLICE_R13C12A      CLK_TO_Q0_DELAY     1.388                  6.887  2       
counter/count[21]                                            NET DELAY           2.736                  9.623  2       
counter/i11_4_lut/A->counter/i11_4_lut/Z  SLICE_R13C10B      A0_TO_F0_DELAY      0.449                 10.072  1       
counter/n27                                                  NET DELAY           3.741                 13.813  1       
counter/i15_4_lut/B->counter/i15_4_lut/Z  SLICE_R15C11A      A1_TO_F1_DELAY      0.476                 14.289  1       
counter/n415                                                 NET DELAY           0.304                 14.593  1       
counter/i5_3_lut/B->counter/i5_3_lut/Z    SLICE_R15C11B      C0_TO_F0_DELAY      0.476                 15.069  1       
counter/n14                                                  NET DELAY           0.304                 15.373  1       
counter/i8_4_lut/C->counter/i8_4_lut/Z    SLICE_R15C11B      C1_TO_F1_DELAY      0.449                 15.822  25      
counter/n47                                                  NET DELAY           3.595                 19.417  25      
counter/i214_2_lut/B->counter/i214_2_lut/Z
                                          SLICE_R13C12A      B0_TO_F0_DELAY      0.476                 19.893  1       
counter/n41[21]                                              NET DELAY           0.000                 19.893  1       
counter/count___i21/D                                        ENDPOINT            0.000                 19.893  1       


Destination Clock Path
Name                                      Cell/Site Name     Delay Name       Incr      Arrival/Required Time  Fanout  
----------------------------------------  -----------------  ---------------  --------  ---------------------  ------  
                                                             CONSTRAINT          0.000                 20.833  1       
hf_osc/CLKHF                              HFOSC_HFOSC_R1C32  CLOCK LATENCY       0.000                 20.833  14      
counter/int_osc                                              NET DELAY           5.499                 26.332  14      
{counter/count___i21/CK   counter/count___i20/CK}
                                                             CLOCK PIN           0.000                 26.332  1       
                                                             Uncertainty      -(0.000)                 26.332  
                                                             Setup time       -(0.198)                 26.134  
----------------------------------------  -----------------  ---------------  --------  ---------------------  ------  
Required Time                                                                                          26.134  
Arrival Time                                                                                        -(19.892)  
----------------------------------------  -----------------  ---------------  --------  ---------------------  ------  
Path Slack  (Passed)                                                                                    6.241  




++++ Path 9 ++++++++++++++++++++++++++++++++++++++++++++++++++++++++++ 

Path Begin       : counter/count___i21/Q  (SLICE_R13C12A)
Path End         : counter/count___i12/D  (SLICE_R13C11C)
Source Clock     : int_osc (R)
Destination Clock: int_osc (R)
Logic Level      : 6
Delay Ratio      : 74.1% (route), 25.9% (logic)
Clock Skew       : 0.000 ns 
Setup Constraint : 20.833 ns 
Path Slack       : 6.294 ns  (Passed)


Source Clock Path
Name                                      Cell/Site Name     Delay Name       Incr      Arrival/Required Time  Fanout  
----------------------------------------  -----------------  ---------------  --------  ---------------------  ------  
hf_osc/CLKHF                              HFOSC_HFOSC_R1C32  CLOCK LATENCY       0.000                  0.000  14      
counter/int_osc                                              NET DELAY           5.499                  5.499  14      
{counter/count___i21/CK   counter/count___i20/CK}
                                                             CLOCK PIN           0.000                  5.499  1       


Data Path
Name                                      Cell/Site Name     Delay Name       Incr      Arrival/Required Time  Fanout  
----------------------------------------  -----------------  ---------------  --------  ---------------------  ------  
counter/count___i21/CK->counter/count___i21/Q
                                          SLICE_R13C12A      CLK_TO_Q0_DELAY     1.388                  6.887  2       
counter/count[21]                                            NET DELAY           2.736                  9.623  2       
counter/i11_4_lut/A->counter/i11_4_lut/Z  SLICE_R13C10B      A0_TO_F0_DELAY      0.449                 10.072  1       
counter/n27                                                  NET DELAY           3.741                 13.813  1       
counter/i15_4_lut/B->counter/i15_4_lut/Z  SLICE_R15C11A      A1_TO_F1_DELAY      0.476                 14.289  1       
counter/n415                                                 NET DELAY           0.304                 14.593  1       
counter/i5_3_lut/B->counter/i5_3_lut/Z    SLICE_R15C11B      C0_TO_F0_DELAY      0.476                 15.069  1       
counter/n14                                                  NET DELAY           0.304                 15.373  1       
counter/i8_4_lut/C->counter/i8_4_lut/Z    SLICE_R15C11B      C1_TO_F1_DELAY      0.449                 15.822  25      
counter/n47                                                  NET DELAY           3.542                 19.364  25      
counter/i224_2_lut/B->counter/i224_2_lut/Z
                                          SLICE_R13C11C      C1_TO_F1_DELAY      0.476                 19.840  1       
counter/n41[12]                                              NET DELAY           0.000                 19.840  1       
counter/count___i12/D                                        ENDPOINT            0.000                 19.840  1       


Destination Clock Path
Name                                      Cell/Site Name     Delay Name       Incr      Arrival/Required Time  Fanout  
----------------------------------------  -----------------  ---------------  --------  ---------------------  ------  
                                                             CONSTRAINT          0.000                 20.833  1       
hf_osc/CLKHF                              HFOSC_HFOSC_R1C32  CLOCK LATENCY       0.000                 20.833  14      
counter/int_osc                                              NET DELAY           5.499                 26.332  14      
{counter/count___i13/CK   counter/count___i12/CK}
                                                             CLOCK PIN           0.000                 26.332  1       
                                                             Uncertainty      -(0.000)                 26.332  
                                                             Setup time       -(0.198)                 26.134  
----------------------------------------  -----------------  ---------------  --------  ---------------------  ------  
Required Time                                                                                          26.134  
Arrival Time                                                                                        -(19.839)  
----------------------------------------  -----------------  ---------------  --------  ---------------------  ------  
Path Slack  (Passed)                                                                                    6.294  




++++ Path 10 ++++++++++++++++++++++++++++++++++++++++++++++++++++++++++ 

Path Begin       : counter/count___i21/Q  (SLICE_R13C12A)
Path End         : counter/count___i20/D  (SLICE_R13C12A)
Source Clock     : int_osc (R)
Destination Clock: int_osc (R)
Logic Level      : 6
Delay Ratio      : 74.1% (route), 25.9% (logic)
Clock Skew       : 0.000 ns 
Setup Constraint : 20.833 ns 
Path Slack       : 6.294 ns  (Passed)


Source Clock Path
Name                                      Cell/Site Name     Delay Name       Incr      Arrival/Required Time  Fanout  
----------------------------------------  -----------------  ---------------  --------  ---------------------  ------  
hf_osc/CLKHF                              HFOSC_HFOSC_R1C32  CLOCK LATENCY       0.000                  0.000  14      
counter/int_osc                                              NET DELAY           5.499                  5.499  14      
{counter/count___i21/CK   counter/count___i20/CK}
                                                             CLOCK PIN           0.000                  5.499  1       


Data Path
Name                                      Cell/Site Name     Delay Name       Incr      Arrival/Required Time  Fanout  
----------------------------------------  -----------------  ---------------  --------  ---------------------  ------  
counter/count___i21/CK->counter/count___i21/Q
                                          SLICE_R13C12A      CLK_TO_Q0_DELAY     1.388                  6.887  2       
counter/count[21]                                            NET DELAY           2.736                  9.623  2       
counter/i11_4_lut/A->counter/i11_4_lut/Z  SLICE_R13C10B      A0_TO_F0_DELAY      0.449                 10.072  1       
counter/n27                                                  NET DELAY           3.741                 13.813  1       
counter/i15_4_lut/B->counter/i15_4_lut/Z  SLICE_R15C11A      A1_TO_F1_DELAY      0.476                 14.289  1       
counter/n415                                                 NET DELAY           0.304                 14.593  1       
counter/i5_3_lut/B->counter/i5_3_lut/Z    SLICE_R15C11B      C0_TO_F0_DELAY      0.476                 15.069  1       
counter/n14                                                  NET DELAY           0.304                 15.373  1       
counter/i8_4_lut/C->counter/i8_4_lut/Z    SLICE_R15C11B      C1_TO_F1_DELAY      0.449                 15.822  25      
counter/n47                                                  NET DELAY           3.542                 19.364  25      
counter/i215_2_lut/B->counter/i215_2_lut/Z
                                          SLICE_R13C12A      C1_TO_F1_DELAY      0.476                 19.840  1       
counter/n41[20]                                              NET DELAY           0.000                 19.840  1       
counter/count___i20/D                                        ENDPOINT            0.000                 19.840  1       


Destination Clock Path
Name                                      Cell/Site Name     Delay Name       Incr      Arrival/Required Time  Fanout  
----------------------------------------  -----------------  ---------------  --------  ---------------------  ------  
                                                             CONSTRAINT          0.000                 20.833  1       
hf_osc/CLKHF                              HFOSC_HFOSC_R1C32  CLOCK LATENCY       0.000                 20.833  14      
counter/int_osc                                              NET DELAY           5.499                 26.332  14      
{counter/count___i21/CK   counter/count___i20/CK}
                                                             CLOCK PIN           0.000                 26.332  1       
                                                             Uncertainty      -(0.000)                 26.332  
                                                             Setup time       -(0.198)                 26.134  
----------------------------------------  -----------------  ---------------  --------  ---------------------  ------  
Required Time                                                                                          26.134  
Arrival Time                                                                                        -(19.839)  
----------------------------------------  -----------------  ---------------  --------  ---------------------  ------  
Path Slack  (Passed)                                                                                    6.294  



+++++++++++++++++++++++++++++++++++++++++++++++++++++++++++++++++++++ 
                    End of Detailed Report for timing paths 
+++++++++++++++++++++++++++++++++++++++++++++++++++++++++++++++++++++ 


##########################################################



===============================================================
3  Hold at Speed Grade m Corner at -40 Degrees
===============================================================

3.1  Endpoint slacks
=======================
-------------------------------------------------------
          Listing 10 End Points          |    Slack    
-------------------------------------------------------
counter/switch_led/D                     |    1.913 ns 
counter/count___i15/D                    |    3.143 ns 
counter/count___i14/D                    |    3.143 ns 
counter/count___i17/D                    |    3.143 ns 
counter/count___i16/D                    |    3.143 ns 
counter/count___i19/D                    |    3.143 ns 
counter/count___i22/D                    |    3.143 ns 
counter/count___i23/D                    |    3.143 ns 
counter/count___i21/D                    |    3.143 ns 
counter/count___i20/D                    |    3.143 ns 
-------------------------------------------------------
                                         |             
Hold # of endpoints with negative slack: |           0 
                                         |             
-------------------------------------------------------

3.2  Detailed Report
=======================


XXXXXXXXXXXXXXXXXXXXXXXXXXXXXXXXXXXXXXXXXXXXXXXXXXXXXXXXXX

Detail report of critical paths

XXXXXXXXXXXXXXXXXXXXXXXXXXXXXXXXXXXXXXXXXXXXXXXXXXXXXXXXXX

+++++++++++++++++++++++++++++++++++++++++++++++++++++++++++++++++++++ 
                    Detailed Report for timing paths 
+++++++++++++++++++++++++++++++++++++++++++++++++++++++++++++++++++++ 

++++ Path 1 ++++++++++++++++++++++++++++++++++++++++++++++++++++++++++ 

Path Begin       : counter/switch_led/Q  (SLICE_R15C13B)
Path End         : counter/switch_led/D  (SLICE_R15C13B)
Source Clock     : int_osc (R)
Destination Clock: int_osc (R)
Logic Level      : 2
Delay Ratio      : 46.1% (route), 53.9% (logic)
Clock Skew       : 0.000 ns 
Hold Constraint  : 0.000 ns 
Path Slack       : 1.913 ns  (Passed)


Source Clock Path
Name                                      Cell/Site Name     Delay Name       Incr   Arrival/Required Time  Fanout  
----------------------------------------  -----------------  ---------------  -----  ---------------------  ------  
hf_osc/CLKHF                              HFOSC_HFOSC_R1C32  CLOCK LATENCY    0.000                  0.000  15      
counter/int_osc                                              NET DELAY        3.084                  3.084  15      
counter/switch_led/CK                                        CLOCK PIN        0.000                  3.084  1       


Data Path
Name                                      Cell/Site Name     Delay Name       Incr   Arrival/Required Time  Fanout  
----------------------------------------  -----------------  ---------------  -----  ---------------------  ------  
counter/switch_led/CK->counter/switch_led/Q
                                          SLICE_R15C13B      CLK_TO_Q0_DELAY  0.779                  3.863  2       
counter/led_c[2]                                             NET DELAY        0.882                  4.745  2       
counter/i1_2_lut/A->counter/i1_2_lut/Z    SLICE_R15C13B      C0_TO_F0_DELAY   0.252                  4.997  1       
counter/n153                                                 NET DELAY        0.000                  4.997  1       
counter/switch_led/D                                         ENDPOINT         0.000                  4.997  1       


Destination Clock Path
Name                                      Cell/Site Name     Delay Name       Incr   Arrival/Required Time  Fanout  
----------------------------------------  -----------------  ---------------  -----  ---------------------  ------  
                                                             CONSTRAINT       0.000                  0.000  1       
hf_osc/CLKHF                              HFOSC_HFOSC_R1C32  CLOCK LATENCY    0.000                  0.000  15      
counter/int_osc                                              NET DELAY        3.084                  3.084  15      
counter/switch_led/CK                                        CLOCK PIN        0.000                  3.084  1       
                                                             Uncertainty      0.000                  3.084  
                                                             Hold time        0.000                  3.084  
----------------------------------------  -----------------  ---------------  -----  ---------------------  ------  
Required Time                                                                                       -3.084  
Arrival Time                                                                                         4.997  
----------------------------------------  -----------------  ---------------  -----  ---------------------  ------  
Path Slack  (Passed)                                                                                 1.913  




++++ Path 2 ++++++++++++++++++++++++++++++++++++++++++++++++++++++++++ 

Path Begin       : counter/count___i15/Q  (SLICE_R15C12C)
Path End         : counter/count___i15/D  (SLICE_R15C12C)
Source Clock     : int_osc (R)
Destination Clock: int_osc (R)
Logic Level      : 3
Delay Ratio      : 58.7% (route), 41.3% (logic)
Clock Skew       : 0.000 ns 
Hold Constraint  : 0.000 ns 
Path Slack       : 3.143 ns  (Passed)


Source Clock Path
Name                                      Cell/Site Name     Delay Name       Incr   Arrival/Required Time  Fanout  
----------------------------------------  -----------------  ---------------  -----  ---------------------  ------  
hf_osc/CLKHF                              HFOSC_HFOSC_R1C32  CLOCK LATENCY    0.000                  0.000  15      
counter/int_osc                                              NET DELAY        3.084                  3.084  15      
{counter/count___i15/CK   counter/count___i14/CK}
                                                             CLOCK PIN        0.000                  3.084  1       


Data Path
Name                                      Cell/Site Name     Delay Name       Incr   Arrival/Required Time  Fanout  
----------------------------------------  -----------------  ---------------  -----  ---------------------  ------  
counter/count___i15/CK->counter/count___i15/Q
                                          SLICE_R15C12C      CLK_TO_Q0_DELAY  0.779                  3.863  2       
counter/count[15]                                            NET DELAY        0.912                  4.775  2       
counter/add_18_add_5_17/B0->counter/add_18_add_5_17/S0
                                          SLICE_R14C12A      B0_TO_F0_DELAY   0.266                  5.041  1       
counter/n127[15]                                             NET DELAY        0.934                  5.975  1       
counter/i221_2_lut/A->counter/i221_2_lut/Z
                                          SLICE_R15C12C      D0_TO_F0_DELAY   0.252                  6.227  1       
counter/n41[15]                                              NET DELAY        0.000                  6.227  1       
counter/count___i15/D                                        ENDPOINT         0.000                  6.227  1       


Destination Clock Path
Name                                      Cell/Site Name     Delay Name       Incr   Arrival/Required Time  Fanout  
----------------------------------------  -----------------  ---------------  -----  ---------------------  ------  
                                                             CONSTRAINT       0.000                  0.000  1       
hf_osc/CLKHF                              HFOSC_HFOSC_R1C32  CLOCK LATENCY    0.000                  0.000  15      
counter/int_osc                                              NET DELAY        3.084                  3.084  15      
{counter/count___i15/CK   counter/count___i14/CK}
                                                             CLOCK PIN        0.000                  3.084  1       
                                                             Uncertainty      0.000                  3.084  
                                                             Hold time        0.000                  3.084  
----------------------------------------  -----------------  ---------------  -----  ---------------------  ------  
Required Time                                                                                       -3.084  
Arrival Time                                                                                         6.227  
----------------------------------------  -----------------  ---------------  -----  ---------------------  ------  
Path Slack  (Passed)                                                                                 3.143  




++++ Path 3 ++++++++++++++++++++++++++++++++++++++++++++++++++++++++++ 

Path Begin       : counter/count___i14/Q  (SLICE_R15C12C)
Path End         : counter/count___i14/D  (SLICE_R15C12C)
Source Clock     : int_osc (R)
Destination Clock: int_osc (R)
Logic Level      : 3
Delay Ratio      : 58.7% (route), 41.3% (logic)
Clock Skew       : 0.000 ns 
Hold Constraint  : 0.000 ns 
Path Slack       : 3.143 ns  (Passed)


Source Clock Path
Name                                      Cell/Site Name     Delay Name       Incr   Arrival/Required Time  Fanout  
----------------------------------------  -----------------  ---------------  -----  ---------------------  ------  
hf_osc/CLKHF                              HFOSC_HFOSC_R1C32  CLOCK LATENCY    0.000                  0.000  15      
counter/int_osc                                              NET DELAY        3.084                  3.084  15      
{counter/count___i15/CK   counter/count___i14/CK}
                                                             CLOCK PIN        0.000                  3.084  1       


Data Path
Name                                      Cell/Site Name     Delay Name       Incr   Arrival/Required Time  Fanout  
----------------------------------------  -----------------  ---------------  -----  ---------------------  ------  
counter/count___i14/CK->counter/count___i14/Q
                                          SLICE_R15C12C      CLK_TO_Q1_DELAY  0.779                  3.863  2       
counter/count[14]                                            NET DELAY        0.912                  4.775  2       
counter/add_18_add_5_15/B1->counter/add_18_add_5_15/S1
                                          SLICE_R14C11D      B1_TO_F1_DELAY   0.266                  5.041  1       
counter/n127[14]                                             NET DELAY        0.934                  5.975  1       
counter/i222_2_lut/A->counter/i222_2_lut/Z
                                          SLICE_R15C12C      D1_TO_F1_DELAY   0.252                  6.227  1       
counter/n41[14]                                              NET DELAY        0.000                  6.227  1       
counter/count___i14/D                                        ENDPOINT         0.000                  6.227  1       


Destination Clock Path
Name                                      Cell/Site Name     Delay Name       Incr   Arrival/Required Time  Fanout  
----------------------------------------  -----------------  ---------------  -----  ---------------------  ------  
                                                             CONSTRAINT       0.000                  0.000  1       
hf_osc/CLKHF                              HFOSC_HFOSC_R1C32  CLOCK LATENCY    0.000                  0.000  15      
counter/int_osc                                              NET DELAY        3.084                  3.084  15      
{counter/count___i15/CK   counter/count___i14/CK}
                                                             CLOCK PIN        0.000                  3.084  1       
                                                             Uncertainty      0.000                  3.084  
                                                             Hold time        0.000                  3.084  
----------------------------------------  -----------------  ---------------  -----  ---------------------  ------  
Required Time                                                                                       -3.084  
Arrival Time                                                                                         6.227  
----------------------------------------  -----------------  ---------------  -----  ---------------------  ------  
Path Slack  (Passed)                                                                                 3.143  




++++ Path 4 ++++++++++++++++++++++++++++++++++++++++++++++++++++++++++ 

Path Begin       : counter/count___i17/Q  (SLICE_R15C12D)
Path End         : counter/count___i17/D  (SLICE_R15C12D)
Source Clock     : int_osc (R)
Destination Clock: int_osc (R)
Logic Level      : 3
Delay Ratio      : 58.7% (route), 41.3% (logic)
Clock Skew       : 0.000 ns 
Hold Constraint  : 0.000 ns 
Path Slack       : 3.143 ns  (Passed)


Source Clock Path
Name                                      Cell/Site Name     Delay Name       Incr   Arrival/Required Time  Fanout  
----------------------------------------  -----------------  ---------------  -----  ---------------------  ------  
hf_osc/CLKHF                              HFOSC_HFOSC_R1C32  CLOCK LATENCY    0.000                  0.000  15      
counter/int_osc                                              NET DELAY        3.084                  3.084  15      
{counter/count___i17/CK   counter/count___i16/CK}
                                                             CLOCK PIN        0.000                  3.084  1       


Data Path
Name                                      Cell/Site Name     Delay Name       Incr   Arrival/Required Time  Fanout  
----------------------------------------  -----------------  ---------------  -----  ---------------------  ------  
counter/count___i17/CK->counter/count___i17/Q
                                          SLICE_R15C12D      CLK_TO_Q0_DELAY  0.779                  3.863  2       
counter/count[17]                                            NET DELAY        0.912                  4.775  2       
counter/add_18_add_5_19/B0->counter/add_18_add_5_19/S0
                                          SLICE_R14C12B      B0_TO_F0_DELAY   0.266                  5.041  1       
counter/n127[17]                                             NET DELAY        0.934                  5.975  1       
counter/i219_2_lut/A->counter/i219_2_lut/Z
                                          SLICE_R15C12D      D0_TO_F0_DELAY   0.252                  6.227  1       
counter/n41[17]                                              NET DELAY        0.000                  6.227  1       
counter/count___i17/D                                        ENDPOINT         0.000                  6.227  1       


Destination Clock Path
Name                                      Cell/Site Name     Delay Name       Incr   Arrival/Required Time  Fanout  
----------------------------------------  -----------------  ---------------  -----  ---------------------  ------  
                                                             CONSTRAINT       0.000                  0.000  1       
hf_osc/CLKHF                              HFOSC_HFOSC_R1C32  CLOCK LATENCY    0.000                  0.000  15      
counter/int_osc                                              NET DELAY        3.084                  3.084  15      
{counter/count___i17/CK   counter/count___i16/CK}
                                                             CLOCK PIN        0.000                  3.084  1       
                                                             Uncertainty      0.000                  3.084  
                                                             Hold time        0.000                  3.084  
----------------------------------------  -----------------  ---------------  -----  ---------------------  ------  
Required Time                                                                                       -3.084  
Arrival Time                                                                                         6.227  
----------------------------------------  -----------------  ---------------  -----  ---------------------  ------  
Path Slack  (Passed)                                                                                 3.143  




++++ Path 5 ++++++++++++++++++++++++++++++++++++++++++++++++++++++++++ 

Path Begin       : counter/count___i16/Q  (SLICE_R15C12D)
Path End         : counter/count___i16/D  (SLICE_R15C12D)
Source Clock     : int_osc (R)
Destination Clock: int_osc (R)
Logic Level      : 3
Delay Ratio      : 58.7% (route), 41.3% (logic)
Clock Skew       : 0.000 ns 
Hold Constraint  : 0.000 ns 
Path Slack       : 3.143 ns  (Passed)


Source Clock Path
Name                                      Cell/Site Name     Delay Name       Incr   Arrival/Required Time  Fanout  
----------------------------------------  -----------------  ---------------  -----  ---------------------  ------  
hf_osc/CLKHF                              HFOSC_HFOSC_R1C32  CLOCK LATENCY    0.000                  0.000  15      
counter/int_osc                                              NET DELAY        3.084                  3.084  15      
{counter/count___i17/CK   counter/count___i16/CK}
                                                             CLOCK PIN        0.000                  3.084  1       


Data Path
Name                                      Cell/Site Name     Delay Name       Incr   Arrival/Required Time  Fanout  
----------------------------------------  -----------------  ---------------  -----  ---------------------  ------  
counter/count___i16/CK->counter/count___i16/Q
                                          SLICE_R15C12D      CLK_TO_Q1_DELAY  0.779                  3.863  2       
counter/count[16]                                            NET DELAY        0.912                  4.775  2       
counter/add_18_add_5_17/B1->counter/add_18_add_5_17/S1
                                          SLICE_R14C12A      B1_TO_F1_DELAY   0.266                  5.041  1       
counter/n127[16]                                             NET DELAY        0.934                  5.975  1       
counter/i220_2_lut/A->counter/i220_2_lut/Z
                                          SLICE_R15C12D      D1_TO_F1_DELAY   0.252                  6.227  1       
counter/n41[16]                                              NET DELAY        0.000                  6.227  1       
counter/count___i16/D                                        ENDPOINT         0.000                  6.227  1       


Destination Clock Path
Name                                      Cell/Site Name     Delay Name       Incr   Arrival/Required Time  Fanout  
----------------------------------------  -----------------  ---------------  -----  ---------------------  ------  
                                                             CONSTRAINT       0.000                  0.000  1       
hf_osc/CLKHF                              HFOSC_HFOSC_R1C32  CLOCK LATENCY    0.000                  0.000  15      
counter/int_osc                                              NET DELAY        3.084                  3.084  15      
{counter/count___i17/CK   counter/count___i16/CK}
                                                             CLOCK PIN        0.000                  3.084  1       
                                                             Uncertainty      0.000                  3.084  
                                                             Hold time        0.000                  3.084  
----------------------------------------  -----------------  ---------------  -----  ---------------------  ------  
Required Time                                                                                       -3.084  
Arrival Time                                                                                         6.227  
----------------------------------------  -----------------  ---------------  -----  ---------------------  ------  
Path Slack  (Passed)                                                                                 3.143  




++++ Path 6 ++++++++++++++++++++++++++++++++++++++++++++++++++++++++++ 

Path Begin       : counter/count___i19/Q  (SLICE_R14C13D)
Path End         : counter/count___i19/D  (SLICE_R14C13D)
Source Clock     : int_osc (R)
Destination Clock: int_osc (R)
Logic Level      : 3
Delay Ratio      : 58.7% (route), 41.3% (logic)
Clock Skew       : 0.000 ns 
Hold Constraint  : 0.000 ns 
Path Slack       : 3.143 ns  (Passed)


Source Clock Path
Name                                      Cell/Site Name     Delay Name       Incr   Arrival/Required Time  Fanout  
----------------------------------------  -----------------  ---------------  -----  ---------------------  ------  
hf_osc/CLKHF                              HFOSC_HFOSC_R1C32  CLOCK LATENCY    0.000                  0.000  15      
counter/int_osc                                              NET DELAY        3.084                  3.084  15      
{counter/count___i19/CK   counter/count___i18/CK}
                                                             CLOCK PIN        0.000                  3.084  1       


Data Path
Name                                      Cell/Site Name     Delay Name       Incr   Arrival/Required Time  Fanout  
----------------------------------------  -----------------  ---------------  -----  ---------------------  ------  
counter/count___i19/CK->counter/count___i19/Q
                                          SLICE_R14C13D      CLK_TO_Q0_DELAY  0.779                  3.863  2       
counter/count[19]                                            NET DELAY        0.912                  4.775  2       
counter/add_18_add_5_21/B0->counter/add_18_add_5_21/S0
                                          SLICE_R14C12C      B0_TO_F0_DELAY   0.266                  5.041  1       
counter/n127[19]                                             NET DELAY        0.934                  5.975  1       
counter/i216_2_lut/A->counter/i216_2_lut/Z
                                          SLICE_R14C13D      D0_TO_F0_DELAY   0.252                  6.227  1       
counter/n41[19]                                              NET DELAY        0.000                  6.227  1       
counter/count___i19/D                                        ENDPOINT         0.000                  6.227  1       


Destination Clock Path
Name                                      Cell/Site Name     Delay Name       Incr   Arrival/Required Time  Fanout  
----------------------------------------  -----------------  ---------------  -----  ---------------------  ------  
                                                             CONSTRAINT       0.000                  0.000  1       
hf_osc/CLKHF                              HFOSC_HFOSC_R1C32  CLOCK LATENCY    0.000                  0.000  15      
counter/int_osc                                              NET DELAY        3.084                  3.084  15      
{counter/count___i19/CK   counter/count___i18/CK}
                                                             CLOCK PIN        0.000                  3.084  1       
                                                             Uncertainty      0.000                  3.084  
                                                             Hold time        0.000                  3.084  
----------------------------------------  -----------------  ---------------  -----  ---------------------  ------  
Required Time                                                                                       -3.084  
Arrival Time                                                                                         6.227  
----------------------------------------  -----------------  ---------------  -----  ---------------------  ------  
Path Slack  (Passed)                                                                                 3.143  




++++ Path 7 ++++++++++++++++++++++++++++++++++++++++++++++++++++++++++ 

Path Begin       : counter/count___i22/Q  (SLICE_R14C13C)
Path End         : counter/count___i22/D  (SLICE_R14C13C)
Source Clock     : int_osc (R)
Destination Clock: int_osc (R)
Logic Level      : 3
Delay Ratio      : 58.7% (route), 41.3% (logic)
Clock Skew       : 0.000 ns 
Hold Constraint  : 0.000 ns 
Path Slack       : 3.143 ns  (Passed)


Source Clock Path
Name                                      Cell/Site Name     Delay Name       Incr   Arrival/Required Time  Fanout  
----------------------------------------  -----------------  ---------------  -----  ---------------------  ------  
hf_osc/CLKHF                              HFOSC_HFOSC_R1C32  CLOCK LATENCY    0.000                  0.000  15      
counter/int_osc                                              NET DELAY        3.084                  3.084  15      
{counter/count___i22/CK   counter/count___i23/CK}
                                                             CLOCK PIN        0.000                  3.084  1       


Data Path
Name                                      Cell/Site Name     Delay Name       Incr   Arrival/Required Time  Fanout  
----------------------------------------  -----------------  ---------------  -----  ---------------------  ------  
counter/count___i22/CK->counter/count___i22/Q
                                          SLICE_R14C13C      CLK_TO_Q0_DELAY  0.779                  3.863  2       
counter/count[22]                                            NET DELAY        0.912                  4.775  2       
counter/add_18_add_5_23/B1->counter/add_18_add_5_23/S1
                                          SLICE_R14C12D      B1_TO_F1_DELAY   0.266                  5.041  1       
counter/n127[22]                                             NET DELAY        0.934                  5.975  1       
counter/i207_2_lut/A->counter/i207_2_lut/Z
                                          SLICE_R14C13C      D0_TO_F0_DELAY   0.252                  6.227  1       
counter/n41[22]                                              NET DELAY        0.000                  6.227  1       
counter/count___i22/D                                        ENDPOINT         0.000                  6.227  1       


Destination Clock Path
Name                                      Cell/Site Name     Delay Name       Incr   Arrival/Required Time  Fanout  
----------------------------------------  -----------------  ---------------  -----  ---------------------  ------  
                                                             CONSTRAINT       0.000                  0.000  1       
hf_osc/CLKHF                              HFOSC_HFOSC_R1C32  CLOCK LATENCY    0.000                  0.000  15      
counter/int_osc                                              NET DELAY        3.084                  3.084  15      
{counter/count___i22/CK   counter/count___i23/CK}
                                                             CLOCK PIN        0.000                  3.084  1       
                                                             Uncertainty      0.000                  3.084  
                                                             Hold time        0.000                  3.084  
----------------------------------------  -----------------  ---------------  -----  ---------------------  ------  
Required Time                                                                                       -3.084  
Arrival Time                                                                                         6.227  
----------------------------------------  -----------------  ---------------  -----  ---------------------  ------  
Path Slack  (Passed)                                                                                 3.143  




++++ Path 8 ++++++++++++++++++++++++++++++++++++++++++++++++++++++++++ 

Path Begin       : counter/count___i23/Q  (SLICE_R14C13C)
Path End         : counter/count___i23/D  (SLICE_R14C13C)
Source Clock     : int_osc (R)
Destination Clock: int_osc (R)
Logic Level      : 3
Delay Ratio      : 58.7% (route), 41.3% (logic)
Clock Skew       : 0.000 ns 
Hold Constraint  : 0.000 ns 
Path Slack       : 3.143 ns  (Passed)


Source Clock Path
Name                                      Cell/Site Name     Delay Name       Incr   Arrival/Required Time  Fanout  
----------------------------------------  -----------------  ---------------  -----  ---------------------  ------  
hf_osc/CLKHF                              HFOSC_HFOSC_R1C32  CLOCK LATENCY    0.000                  0.000  15      
counter/int_osc                                              NET DELAY        3.084                  3.084  15      
{counter/count___i22/CK   counter/count___i23/CK}
                                                             CLOCK PIN        0.000                  3.084  1       


Data Path
Name                                      Cell/Site Name     Delay Name       Incr   Arrival/Required Time  Fanout  
----------------------------------------  -----------------  ---------------  -----  ---------------------  ------  
counter/count___i23/CK->counter/count___i23/Q
                                          SLICE_R14C13C      CLK_TO_Q1_DELAY  0.779                  3.863  2       
counter/count[23]                                            NET DELAY        0.912                  4.775  2       
counter/add_18_add_5_25/B0->counter/add_18_add_5_25/S0
                                          SLICE_R14C13A      B0_TO_F0_DELAY   0.266                  5.041  1       
counter/n127[23]                                             NET DELAY        0.934                  5.975  1       
counter/i206_2_lut/A->counter/i206_2_lut/Z
                                          SLICE_R14C13C      D1_TO_F1_DELAY   0.252                  6.227  1       
counter/n41[23]                                              NET DELAY        0.000                  6.227  1       
counter/count___i23/D                                        ENDPOINT         0.000                  6.227  1       


Destination Clock Path
Name                                      Cell/Site Name     Delay Name       Incr   Arrival/Required Time  Fanout  
----------------------------------------  -----------------  ---------------  -----  ---------------------  ------  
                                                             CONSTRAINT       0.000                  0.000  1       
hf_osc/CLKHF                              HFOSC_HFOSC_R1C32  CLOCK LATENCY    0.000                  0.000  15      
counter/int_osc                                              NET DELAY        3.084                  3.084  15      
{counter/count___i22/CK   counter/count___i23/CK}
                                                             CLOCK PIN        0.000                  3.084  1       
                                                             Uncertainty      0.000                  3.084  
                                                             Hold time        0.000                  3.084  
----------------------------------------  -----------------  ---------------  -----  ---------------------  ------  
Required Time                                                                                       -3.084  
Arrival Time                                                                                         6.227  
----------------------------------------  -----------------  ---------------  -----  ---------------------  ------  
Path Slack  (Passed)                                                                                 3.143  




++++ Path 9 ++++++++++++++++++++++++++++++++++++++++++++++++++++++++++ 

Path Begin       : counter/count___i21/Q  (SLICE_R13C12A)
Path End         : counter/count___i21/D  (SLICE_R13C12A)
Source Clock     : int_osc (R)
Destination Clock: int_osc (R)
Logic Level      : 3
Delay Ratio      : 58.7% (route), 41.3% (logic)
Clock Skew       : 0.000 ns 
Hold Constraint  : 0.000 ns 
Path Slack       : 3.143 ns  (Passed)


Source Clock Path
Name                                      Cell/Site Name     Delay Name       Incr   Arrival/Required Time  Fanout  
----------------------------------------  -----------------  ---------------  -----  ---------------------  ------  
hf_osc/CLKHF                              HFOSC_HFOSC_R1C32  CLOCK LATENCY    0.000                  0.000  15      
counter/int_osc                                              NET DELAY        3.084                  3.084  15      
{counter/count___i21/CK   counter/count___i20/CK}
                                                             CLOCK PIN        0.000                  3.084  1       


Data Path
Name                                      Cell/Site Name     Delay Name       Incr   Arrival/Required Time  Fanout  
----------------------------------------  -----------------  ---------------  -----  ---------------------  ------  
counter/count___i21/CK->counter/count___i21/Q
                                          SLICE_R13C12A      CLK_TO_Q0_DELAY  0.779                  3.863  2       
counter/count[21]                                            NET DELAY        0.912                  4.775  2       
counter/add_18_add_5_23/B0->counter/add_18_add_5_23/S0
                                          SLICE_R14C12D      B0_TO_F0_DELAY   0.266                  5.041  1       
counter/n127[21]                                             NET DELAY        0.934                  5.975  1       
counter/i214_2_lut/A->counter/i214_2_lut/Z
                                          SLICE_R13C12A      D0_TO_F0_DELAY   0.252                  6.227  1       
counter/n41[21]                                              NET DELAY        0.000                  6.227  1       
counter/count___i21/D                                        ENDPOINT         0.000                  6.227  1       


Destination Clock Path
Name                                      Cell/Site Name     Delay Name       Incr   Arrival/Required Time  Fanout  
----------------------------------------  -----------------  ---------------  -----  ---------------------  ------  
                                                             CONSTRAINT       0.000                  0.000  1       
hf_osc/CLKHF                              HFOSC_HFOSC_R1C32  CLOCK LATENCY    0.000                  0.000  15      
counter/int_osc                                              NET DELAY        3.084                  3.084  15      
{counter/count___i21/CK   counter/count___i20/CK}
                                                             CLOCK PIN        0.000                  3.084  1       
                                                             Uncertainty      0.000                  3.084  
                                                             Hold time        0.000                  3.084  
----------------------------------------  -----------------  ---------------  -----  ---------------------  ------  
Required Time                                                                                       -3.084  
Arrival Time                                                                                         6.227  
----------------------------------------  -----------------  ---------------  -----  ---------------------  ------  
Path Slack  (Passed)                                                                                 3.143  




++++ Path 10 ++++++++++++++++++++++++++++++++++++++++++++++++++++++++++ 

Path Begin       : counter/count___i20/Q  (SLICE_R13C12A)
Path End         : counter/count___i20/D  (SLICE_R13C12A)
Source Clock     : int_osc (R)
Destination Clock: int_osc (R)
Logic Level      : 3
Delay Ratio      : 58.7% (route), 41.3% (logic)
Clock Skew       : 0.000 ns 
Hold Constraint  : 0.000 ns 
Path Slack       : 3.143 ns  (Passed)


Source Clock Path
Name                                      Cell/Site Name     Delay Name       Incr   Arrival/Required Time  Fanout  
----------------------------------------  -----------------  ---------------  -----  ---------------------  ------  
hf_osc/CLKHF                              HFOSC_HFOSC_R1C32  CLOCK LATENCY    0.000                  0.000  15      
counter/int_osc                                              NET DELAY        3.084                  3.084  15      
{counter/count___i21/CK   counter/count___i20/CK}
                                                             CLOCK PIN        0.000                  3.084  1       


Data Path
Name                                      Cell/Site Name     Delay Name       Incr   Arrival/Required Time  Fanout  
----------------------------------------  -----------------  ---------------  -----  ---------------------  ------  
counter/count___i20/CK->counter/count___i20/Q
                                          SLICE_R13C12A      CLK_TO_Q1_DELAY  0.779                  3.863  2       
counter/count[20]                                            NET DELAY        0.912                  4.775  2       
counter/add_18_add_5_21/B1->counter/add_18_add_5_21/S1
                                          SLICE_R14C12C      B1_TO_F1_DELAY   0.266                  5.041  1       
counter/n127[20]                                             NET DELAY        0.934                  5.975  1       
counter/i215_2_lut/A->counter/i215_2_lut/Z
                                          SLICE_R13C12A      D1_TO_F1_DELAY   0.252                  6.227  1       
counter/n41[20]                                              NET DELAY        0.000                  6.227  1       
counter/count___i20/D                                        ENDPOINT         0.000                  6.227  1       


Destination Clock Path
Name                                      Cell/Site Name     Delay Name       Incr   Arrival/Required Time  Fanout  
----------------------------------------  -----------------  ---------------  -----  ---------------------  ------  
                                                             CONSTRAINT       0.000                  0.000  1       
hf_osc/CLKHF                              HFOSC_HFOSC_R1C32  CLOCK LATENCY    0.000                  0.000  15      
counter/int_osc                                              NET DELAY        3.084                  3.084  15      
{counter/count___i21/CK   counter/count___i20/CK}
                                                             CLOCK PIN        0.000                  3.084  1       
                                                             Uncertainty      0.000                  3.084  
                                                             Hold time        0.000                  3.084  
----------------------------------------  -----------------  ---------------  -----  ---------------------  ------  
Required Time                                                                                       -3.084  
Arrival Time                                                                                         6.227  
----------------------------------------  -----------------  ---------------  -----  ---------------------  ------  
Path Slack  (Passed)                                                                                 3.143  



+++++++++++++++++++++++++++++++++++++++++++++++++++++++++++++++++++++ 
                    End of Detailed Report for timing paths 
+++++++++++++++++++++++++++++++++++++++++++++++++++++++++++++++++++++ 


##########################################################



